Zomba,Matawale,Naisi Health Center,Kadya
Zomba,Matawale,Matawale Health Center,Thom_Allan
Zomba,Matawale,Matawale Health Center,Thom_Allan
Zomba,Matawale,Matawale Health Center,Thom_Allan
Zomba,Matawale,Matawale Health Center,Somanje
Zomba,Matawale,Matawale Health Center,Sogoja
Zomba,Matawale,Matawale Health Center,Simion
Zomba,Matawale,Matawale Health Center,Simion
Zomba,Matawale,Matawale Health Center,Sapali
Zomba,Matawale,Matawale Health Center,Salima
Zomba,Matawale,Matawale Health Center,Salima
Zomba,Matawale,Matawale Health Center,Saili
Zomba,Matawale,Matawale Health Center,Saili
Zomba,Matawale,Matawale Health Center,Saili
Zomba,Matawale,Matawale Health Center,Nyanya
Zomba,Matawale,Matawale Health Center,Nyanya
Zomba,Matawale,Matawale Health Center,Nsomba
Zomba,Matawale,Matawale Health Center,Nsomba
Zomba,Matawale,Matawale Health Center,Njonjo_2
Zomba,Matawale,Matawale Health Center,Njonjo_2
Zomba,Matawale,Matawale Health Center,Nazinomwe
Zomba,Matawale,Matawale Health Center,Nazinomwe
Zomba,Matawale,Matawale Health Center,Nambwale
Zomba,Matawale,Matawale Health Center,Nambwale
Zomba,Matawale,Matawale Health Center,Nambesa
Zomba,Matawale,Matawale Health Center,Nambesa
Zomba,Matawale,Matawale Health Center,Nambesa
Zomba,Matawale,Matawale Health Center,Nambesa
Zomba,Matawale,Matawale Health Center,Namalindi
Zomba,Matawale,Matawale Health Center,Mwendakale
Zomba,Matawale,Matawale Health Center,Mwendakale
Zomba,Matawale,Matawale Health Center,Mussa_1_
Zomba,Matawale,Matawale Health Center,Mulosola
Zomba,Matawale,Matawale Health Center,Mulosola
Zomba,Matawale,Matawale Health Center,Mulosola
Zomba,Matawale,Matawale Health Center,Mulenga_1
Zomba,Matawale,Matawale Health Center,Mulenga_1
Zomba,Matawale,Matawale Health Center,Mulenga_1
Zomba,Matawale,Matawale Health Center,Mtuwa
Zomba,Matawale,Matawale Health Center,Mtuwa
Zomba,Matawale,Matawale Health Center,Mtulisha
Zomba,Matawale,Matawale Health Center,Mtulisha
Zomba,Matawale,Matawale Health Center,Mtulisha
Zomba,Matawale,Matawale Health Center,Mtulisha
Zomba,Matawale,Matawale Health Center,Mtulisha
Zomba,Matawale,Matawale Health Center,Mtulisha
Zomba,Matawale,Matawale Health Center,Mtulisha
Zomba,Matawale,Matawale Health Center,Mtulisha
Zomba,Matawale,Matawale Health Center,Mtala
Zomba,Matawale,Matawale Health Center,Mpalume
Zomba,Matawale,Matawale Health Center,Milliot
Zomba,Matawale,Matawale Health Center,Milliot
Zomba,Matawale,Matawale Health Center,Mdelemani
Zomba,Matawale,Matawale Health Center,Matama
Zomba,Matawale,Matawale Health Center,Maole
Zomba,Matawale,Matawale Health Center,Malota
Zomba,Matawale,Matawale Health Center,Malonje
Zomba,Matawale,Matawale Health Center,Malonje
Zomba,Matawale,Matawale Health Center,Malonje
Zomba,Matawale,Matawale Health Center,Malonje
Zomba,Matawale,Matawale Health Center,Makungula
Zomba,Matawale,Matawale Health Center,Makungula
Zomba,Matawale,Matawale Health Center,Makungula
Zomba,Matawale,Matawale Health Center,Makumbanjira
Zomba,Matawale,Matawale Health Center,Makumbanjira
Zomba,Matawale,Matawale Health Center,Mac_Morris
Zomba,Matawale,Matawale Health Center,Lita
Zomba,Matawale,Matawale Health Center,Lita
Zomba,Matawale,Matawale Health Center,Lita
Zomba,Matawale,Matawale Health Center,Likhagama
Zomba,Matawale,Matawale Health Center,Likaka
Zomba,Matawale,Matawale Health Center,Likaka
Zomba,Matawale,Matawale Health Center,Kwirambo
Zomba,Matawale,Matawale Health Center,Khalola
Zomba,Matawale,Matawale Health Center,Kalombola
Zomba,Matawale,Matawale Health Center,Kalimba
Zomba,Matawale,Matawale Health Center,Jambe_
Zomba,Matawale,Matawale Health Center,Habitat_
Zomba,Matawale,Matawale Health Center,Habitat_
Zomba,Matawale,Matawale Health Center,Elliot
Zomba,Matawale,Matawale Health Center,Elliot
Zomba,Matawale,Matawale Health Center,Elliot
Zomba,Matawale,Matawale Health Center,Elliot
Zomba,Matawale,Matawale Health Center,Chiwalukonji
Zomba,Matawale,Matawale Health Center,Chibisa
Zomba,Matawale,Matawale Health Center,Chibisa
Zomba,Matawale,Matawale Health Center,Chibisa
Zomba,Matawale,Matawale Health Center,Chamande
Zomba,Matawale,Matawale Health Center,Chamande
Zomba,Matawale,Matawale Health Center,Binali
Zomba,Matawale,Matawale Health Center,Atabiya_Chinawa
Zomba,Matawale,Matawale Health Center,Atabiya_Chinawa
Zomba,Matawale,Matawale Health Center,Atabiya_Chinawa
Zomba,Matawale,Matawale Health Center,Andiyesamwana
Zomba,Matawale,Matawale Health Center,Andiyesamwana
Zomba,Matawale,Naisi Health Center,Uladi
Zomba,Matawale,Naisi Health Center,Uladi
Zomba,Matawale,Naisi Health Center,Uladi
Zomba,Matawale,Naisi Health Center,Uladi
Zomba,Matawale,Naisi Health Center,Thunga
Zomba,Matawale,Naisi Health Center,Samuel
Zomba,Matawale,Naisi Health Center,Saiti
Zomba,Matawale,Naisi Health Center,Onga
Zomba,Matawale,Naisi Health Center,Onga
Zomba,Matawale,Naisi Health Center,Onga
Zomba,Matawale,Naisi Health Center,Ngundende
Zomba,Matawale,Naisi Health Center,Ngundende
Zomba,Matawale,Naisi Health Center,Ngundende
Zomba,Matawale,Naisi Health Center,Ngundende
Zomba,Matawale,Naisi Health Center,Ngundende
Zomba,Matawale,Naisi Health Center,Ngundende
Zomba,Matawale,Naisi Health Center,Ngalango
Zomba,Matawale,Naisi Health Center,Ngalango
Zomba,Matawale,Naisi Health Center,Ngalango
Zomba,Matawale,Naisi Health Center,Ngalango
Zomba,Matawale,Naisi Health Center,Mtima
Zomba,Matawale,Naisi Health Center,Mtima
Zomba,Matawale,Naisi Health Center,Mtima
Zomba,Matawale,Naisi Health Center,Mtima
Zomba,Matawale,Naisi Health Center,Mtima
Zomba,Matawale,Naisi Health Center,Mtewa
Zomba,Matawale,Naisi Health Center,Mtewa
Zomba,Matawale,Naisi Health Center,Mtewa
Zomba,Matawale,Naisi Health Center,Mtamba
Zomba,Matawale,Naisi Health Center,Mtamba
Zomba,Matawale,Naisi Health Center,Msusa
Zomba,Matawale,Naisi Health Center,Mpokwa
Zomba,Matawale,Naisi Health Center,Mkwate
Zomba,Matawale,Naisi Health Center,Mkwate
Zomba,Matawale,Naisi Health Center,Mkwanda_2
Zomba,Matawale,Naisi Health Center,Mkwanda_2
Zomba,Matawale,Naisi Health Center,Mkwanda_1
Zomba,Matawale,Naisi Health Center,Mkwanda_1
Zomba,Matawale,Naisi Health Center,Mkwanda_1
Zomba,Matawale,Naisi Health Center,Mkwanda_1
Zomba,Matawale,Naisi Health Center,Mkwanda_1
Zomba,Matawale,Naisi Health Center,Mkwanda_1
Zomba,Matawale,Naisi Health Center,Mkwanda_1
Zomba,Matawale,Naisi Health Center,Mcheuka
Zomba,Matawale,Naisi Health Center,Mbagalira
Zomba,Matawale,Naisi Health Center,Mbagalira
Zomba,Matawale,Naisi Health Center,Mbagalira
Zomba,Matawale,Naisi Health Center,Matande
Zomba,Matawale,Naisi Health Center,Matande
Zomba,Matawale,Naisi Health Center,Matande
Zomba,Matawale,Naisi Health Center,Matande
Zomba,Matawale,Naisi Health Center,Matande
Zomba,Matawale,Naisi Health Center,Matande
Zomba,Matawale,Naisi Health Center,Mang_Anda
Zomba,Matawale,Naisi Health Center,Mang_Anda
Zomba,Matawale,Naisi Health Center,Mang_Anda
Zomba,Matawale,Naisi Health Center,Mangwengwe
Zomba,Matawale,Naisi Health Center,Male
Zomba,Matawale,Naisi Health Center,Khaziko
Zomba,Matawale,Naisi Health Center,Khaziko
Zomba,Matawale,Naisi Health Center,Khaziko
Zomba,Matawale,Naisi Health Center,Khaziko
Zomba,Matawale,Naisi Health Center,Kapyepye
Zomba,Matawale,Naisi Health Center,Kapyepye
Zomba,Matawale,Naisi Health Center,Kapyepye
Zomba,Matawale,Naisi Health Center,Kapyepye
Zomba,Matawale,Naisi Health Center,Kapyepye
Zomba,Matawale,Naisi Health Center,Kapyepye
Zomba,Matawale,Naisi Health Center,Kapyepye
Zomba,Matawale,Naisi Health Center,Kapyepye
Zomba,Matawale,Naisi Health Center,Kapenda
Zomba,Matawale,Naisi Health Center,Kapenda
Zomba,Matawale,Naisi Health Center,Kapenda
Zomba,Matawale,Naisi Health Center,Kapenda
Zomba,Matawale,Naisi Health Center,Kamwaza
Zomba,Matawale,Naisi Health Center,Kamwaza
Zomba,Matawale,Naisi Health Center,Kamwaza
Zomba,Matawale,Naisi Health Center,Kambale
Zomba,Matawale,Naisi Health Center,Kambale
Zomba,Matawale,Naisi Health Center,Kadya
Zomba,Matawale,Naisi Health Center,Jambo
Zomba,Matawale,Naisi Health Center,Jambo
Zomba,Matawale,Naisi Health Center,Ibu
Zomba,Matawale,Naisi Health Center,Ibu
Zomba,Matawale,Naisi Health Center,Fikira
Zomba,Matawale,Naisi Health Center,Fikira
Zomba,Matawale,Naisi Health Center,Fikira
Zomba,Matawale,Naisi Health Center,Fikira
Zomba,Matawale,Naisi Health Center,Fikira
Zomba,Matawale,Naisi Health Center,Chopi_2
Zomba,Matawale,Naisi Health Center,Chopi_2
Zomba,Matawale,Naisi Health Center,Chopi_1
Zomba,Matawale,Naisi Health Center,Chopi_1
Zomba,Matawale,Naisi Health Center,Chopi_1
Zomba,Matawale,Naisi Health Center,Chome
Zomba,Matawale,Naisi Health Center,Chome
Zomba,Matawale,Naisi Health Center,Chome
Zomba,Matawale,Naisi Health Center,Chiuta
Zomba,Matawale,Naisi Health Center,Chisutu
Zomba,Matawale,Naisi Health Center,Chisutu
Zomba,Matawale,Naisi Health Center,Chisutu
Zomba,Matawale,Naisi Health Center,Chisutu
Zomba,Matawale,Naisi Health Center,Chisutu
Zomba,Matawale,Naisi Health Center,Chisutu
Zomba,Matawale,Naisi Health Center,Chisutu
Zomba,Matawale,Naisi Health Center,Chisutu
Zomba,Matawale,Naisi Health Center,Chisutu
Zomba,Matawale,Naisi Health Center,Chisupuli
Zomba,Matawale,Naisi Health Center,Chisupuli
Zomba,Matawale,Naisi Health Center,Chisupuli
Zomba,Matawale,Naisi Health Center,Chisupuli
Zomba,Matawale,Naisi Health Center,Chisupuli
Zomba,Matawale,Naisi Health Center,Chisupuli
Zomba,Matawale,Naisi Health Center,Chisupuli
Zomba,Matawale,Naisi Health Center,Chisupuli
Zomba,Matawale,Naisi Health Center,Chisupuli
Zomba,Matawale,Naisi Health Center,Chisupuli
Zomba,Matawale,Naisi Health Center,Chisupuli
Zomba,Matawale,Naisi Health Center,Chisupuli
Zomba,Matawale,Naisi Health Center,Chisupuli
Zomba,Matawale,Naisi Health Center,Chisupuli
Zomba,Matawale,Naisi Health Center,Chisupuli
Zomba,Matawale,Naisi Health Center,Chisupuli
Zomba,Matawale,Naisi Health Center,Chisupuli
Zomba,Matawale,Naisi Health Center,Chisupuli
Zomba,Matawale,Naisi Health Center,Chisuma_
Zomba,Matawale,Naisi Health Center,Chisuma_
Zomba,Matawale,Naisi Health Center,Chipande
Zomba,Matawale,Naisi Health Center,Chipande
Zomba,Matawale,Naisi Health Center,Chipande
Zomba,Matawale,Naisi Health Center,Chindenga
Zomba,Matawale,Naisi Health Center,Chindenga
Zomba,Matawale,Naisi Health Center,Chindenga
Zomba,Matawale,Naisi Health Center,Chindamba
Zomba,Matawale,Naisi Health Center,Chindamba
Zomba,Matawale,Naisi Health Center,Chiluwe
Zomba,Matawale,Naisi Health Center,Chilimba
Zomba,Matawale,Naisi Health Center,Chilimba
Zomba,Matawale,Naisi Health Center,Chapweteka
Zomba,Matawale,Naisi Health Center,Binali
Zomba,Matawale,Naisi Health Center,Binali
Zomba,Matawale,Naisi Health Center,Binali
Zomba,Matawale,Matawale Health Center,Thom_Allan
Zomba,Matawale,Naisi Health Center,Binali
Zomba,Matawale,Naisi Health Center,Binali
