Zomba,Thondwe,Lambulira_Health_Centre,Binali
Zomba,Thondwe,Lambulira_Health_Centre,Chatama
Zomba,Thondwe,Lambulira_Health_Centre,Chatama
Zomba,Thondwe,Lambulira_Health_Centre,Chikumbu
Zomba,Thondwe,Lambulira_Health_Centre,Chilipo
Zomba,Thondwe,Lambulira_Health_Centre,Chilipo
Zomba,Thondwe,Lambulira_Health_Centre,Chilipo
Zomba,Thondwe,Lambulira_Health_Centre,Chilongo
Zomba,Thondwe,Lambulira_Health_Centre,Chimbalanga
Zomba,Thondwe,Lambulira_Health_Centre,Chimbalanga
Zomba,Thondwe,Lambulira_Health_Centre,Chimbalanga
Zomba,Thondwe,Lambulira_Health_Centre,Chimpeni
Zomba,Thondwe,Lambulira_Health_Centre,Chipanda
Zomba,Thondwe,Lambulira_Health_Centre,Chipanda
Zomba,Thondwe,Lambulira_Health_Centre,Chisuzi
Zomba,Thondwe,Lambulira_Health_Centre,Chisuzi
Zomba,Thondwe,Lambulira_Health_Centre,Chisuzi
Zomba,Thondwe,Lambulira_Health_Centre,Chitwanga
Zomba,Thondwe,Lambulira_Health_Centre,Chitwanga
Zomba,Thondwe,Lambulira_Health_Centre,Ganda
Zomba,Thondwe,Lambulira_Health_Centre,Kankhomba
Zomba,Thondwe,Lambulira_Health_Centre,Kapachika
Zomba,Thondwe,Lambulira_Health_Centre,Katopola
Zomba,Thondwe,Lambulira_Health_Centre,Kusapa
Zomba,Thondwe,Lambulira_Health_Centre,Kusapa
Zomba,Thondwe,Lambulira_Health_Centre,Liwago
Zomba,Thondwe,Lambulira_Health_Centre,Liwago
Zomba,Thondwe,Lambulira_Health_Centre,Malupha
Zomba,Thondwe,Lambulira_Health_Centre,Malupha
Zomba,Thondwe,Lambulira_Health_Centre,Mankhokwe
Zomba,Thondwe,Lambulira_Health_Centre,Manolo
Zomba,Thondwe,Lambulira_Health_Centre,Manolo
Zomba,Thondwe,Lambulira_Health_Centre,Manolo
Zomba,Thondwe,Lambulira_Health_Centre,Manolo
Zomba,Thondwe,Lambulira_Health_Centre,Manolo
Zomba,Thondwe,Lambulira_Health_Centre,Manolo
Zomba,Thondwe,Lambulira_Health_Centre,Mataka
Zomba,Thondwe,Lambulira_Health_Centre,Michongwe
Zomba,Thondwe,Lambulira_Health_Centre,Mkata
Zomba,Thondwe,Lambulira_Health_Centre,Mpalasa
Zomba,Thondwe,Lambulira_Health_Centre,Mtamba
Zomba,Thondwe,Lambulira_Health_Centre,Mwamadi
Zomba,Thondwe,Lambulira_Health_Centre,Mwamadi
Zomba,Thondwe,Lambulira_Health_Centre,Mwambananji
Zomba,Thondwe,Lambulira_Health_Centre,Mwanafumu
Zomba,Thondwe,Lambulira_Health_Centre,Mwanafumu
Zomba,Thondwe,Lambulira_Health_Centre,Mwenyali
Zomba,Thondwe,Lambulira_Health_Centre,Mwenyali
Zomba,Thondwe,Lambulira_Health_Centre,Mwenyali
Zomba,Thondwe,Lambulira_Health_Centre,Mwenyali
Zomba,Thondwe,Lambulira_Health_Centre,Nachuma
Zomba,Thondwe,Lambulira_Health_Centre,Nachuma
Zomba,Thondwe,Lambulira_Health_Centre,Nachuma
Zomba,Thondwe,Lambulira_Health_Centre,Nachuma
Zomba,Thondwe,Lambulira_Health_Centre,Nakhwala
Zomba,Thondwe,Lambulira_Health_Centre,Nakhwala
Zomba,Thondwe,Lambulira_Health_Centre,Nakhwala
Zomba,Thondwe,Lambulira_Health_Centre,Nakhwala
Zomba,Thondwe,Lambulira_Health_Centre,Nakhwala
Zomba,Thondwe,Lambulira_Health_Centre,Namasala
Zomba,Thondwe,Lambulira_Health_Centre,Namathiya
Zomba,Thondwe,Lambulira_Health_Centre,Namphimba
Zomba,Thondwe,Lambulira_Health_Centre,Namphimba
Zomba,Thondwe,Lambulira_Health_Centre,Namphimba
Zomba,Thondwe,Lambulira_Health_Centre,Namphimba
Zomba,Thondwe,Lambulira_Health_Centre,Namuona
Zomba,Thondwe,Lambulira_Health_Centre,Nandolo
Zomba,Thondwe,Lambulira_Health_Centre,Nandolo
Zomba,Thondwe,Lambulira_Health_Centre,Nandolo
Zomba,Thondwe,Lambulira_Health_Centre,Nandolo
Zomba,Thondwe,Lambulira_Health_Centre,Nangumi
Zomba,Thondwe,Lambulira_Health_Centre,Nantongwe
Zomba,Thondwe,Lambulira_Health_Centre,Ng'Omba
Zomba,Thondwe,Lambulira_Health_Centre,Ngwale
Zomba,Thondwe,Lambulira_Health_Centre,Nkhata
Zomba,Thondwe,Lambulira_Health_Centre,Nkhata
Zomba,Thondwe,Lambulira_Health_Centre,Nkhata
Zomba,Thondwe,Lambulira_Health_Centre,Nsema
Zomba,Thondwe,Lambulira_Health_Centre,Nsema
Zomba,Thondwe,Lambulira_Health_Centre,Pongwe
Zomba,Thondwe,Lambulira_Health_Centre,Saiti
Zomba,Thondwe,Lambulira_Health_Centre,Salifu
Zomba,Thondwe,Lambulira_Health_Centre,Salimu
Zomba,Thondwe,Lambulira_Health_Centre,Samikwa
Zomba,Thondwe,Lambulira_Health_Centre,Selemani
Zomba,Thondwe,Lambulira_Health_Centre,Selemani
Zomba,Thondwe,Lambulira_Health_Centre,Semani
Zomba,Thondwe,Lambulira_Health_Centre,Semani
Zomba,Thondwe,Lambulira_Health_Centre,Semani
Zomba,Thondwe,Lambulira_Health_Centre,Semani
Zomba,Thondwe,Lambulira_Health_Centre,Semani
Zomba,Thondwe,Lambulira_Health_Centre,Sonkho
Zomba,Thondwe,Lambulira_Health_Centre,Sonkho
Zomba,Thondwe,Lambulira_Health_Centre,Sululu
Zomba,Thondwe,Lambulira_Health_Centre,Sumbuleta
Zomba,Thondwe,Lambulira_Health_Centre,Sumbuleta
Zomba,Thondwe,Lambulira_Health_Centre,Sumbuleta
Zomba,Thondwe,Lambulira_Health_Centre,Thololiwa
Zomba,Thondwe,Lambulira_Health_Centre,Tomasi
Zomba,Thondwe,Lambulira_Health_Centre,Twaya
Zomba,Thondwe,Lambulira_Health_Centre,Twaya
Zomba,Thondwe,Lambulira_Health_Centre,Balakasi_A
Zomba,Thondwe,Lambulira_Health_Centre,Chidyaonga
Zomba,Thondwe,Lambulira_Health_Centre,Chidyaonga
Zomba,Thondwe,Lambulira_Health_Centre,Chidyaonga
Zomba,Thondwe,Lambulira_Health_Centre,Chidyaonga
Zomba,Thondwe,Lambulira_Health_Centre,Chilimani_A
Zomba,Thondwe,Lambulira_Health_Centre,Chilombo_A
Zomba,Thondwe,Lambulira_Health_Centre,Chilombo_A
Zomba,Thondwe,Lambulira_Health_Centre,Chilombo_A
Zomba,Thondwe,Lambulira_Health_Centre,Chilombo_A
Zomba,Thondwe,Lambulira_Health_Centre,Chilombo_A
Zomba,Thondwe,Lambulira_Health_Centre,Chipande_A
Zomba,Thondwe,Lambulira_Health_Centre,Chipande_A
Zomba,Thondwe,Lambulira_Health_Centre,Chipiri_A
Zomba,Thondwe,Lambulira_Health_Centre,Chipiri_A
Zomba,Thondwe,Lambulira_Health_Centre,Chitedzi_A
Zomba,Thondwe,Lambulira_Health_Centre,Chiwaula_A
Zomba,Thondwe,Lambulira_Health_Centre,Chiwaula_A
Zomba,Thondwe,Lambulira_Health_Centre,Chiwaula_A
Zomba,Thondwe,Lambulira_Health_Centre,Chiwaula_A
Zomba,Thondwe,Lambulira_Health_Centre,Chiwaula_A
Zomba,Thondwe,Lambulira_Health_Centre,Gwilima_A
Zomba,Thondwe,Lambulira_Health_Centre,Jailosi_A
Zomba,Thondwe,Lambulira_Health_Centre,James_A
Zomba,Thondwe,Lambulira_Health_Centre,James_A
Zomba,Thondwe,Lambulira_Health_Centre,Jigi
Zomba,Thondwe,Lambulira_Health_Centre,Jigi
Zomba,Thondwe,Lambulira_Health_Centre,Kachapira_A
Zomba,Thondwe,Lambulira_Health_Centre,Kachapira_A
Zomba,Thondwe,Lambulira_Health_Centre,Kachembere_A
Zomba,Thondwe,Lambulira_Health_Centre,Kachembere_A
Zomba,Thondwe,Lambulira_Health_Centre,Kachingwe_A
Zomba,Thondwe,Lambulira_Health_Centre,Kamanja_A
Zomba,Thondwe,Lambulira_Health_Centre,Kamanja_A
Zomba,Thondwe,Lambulira_Health_Centre,Kamanja_A
Zomba,Thondwe,Lambulira_Health_Centre,Kamanja_A
Zomba,Thondwe,Lambulira_Health_Centre,Kamanja_A
Zomba,Thondwe,Lambulira_Health_Centre,Kamanja_A
Zomba,Thondwe,Lambulira_Health_Centre,Kamanja_A
Zomba,Thondwe,Lambulira_Health_Centre,Khando_A
Zomba,Thondwe,Lambulira_Health_Centre,Khando_A
Zomba,Thondwe,Lambulira_Health_Centre,Kwipululu_A
Zomba,Thondwe,Lambulira_Health_Centre,Kwipululu_A
Zomba,Thondwe,Lambulira_Health_Centre,Kwipululu_A
Zomba,Thondwe,Lambulira_Health_Centre,Lambulira_A
Zomba,Thondwe,Lambulira_Health_Centre,Libanda_A
Zomba,Thondwe,Lambulira_Health_Centre,Libanda_A
Zomba,Thondwe,Lambulira_Health_Centre,Lidi_A
Zomba,Thondwe,Lambulira_Health_Centre,Lidi_A
Zomba,Thondwe,Lambulira_Health_Centre,Lipoche_A
Zomba,Thondwe,Lambulira_Health_Centre,Lipoche_A
Zomba,Thondwe,Lambulira_Health_Centre,Lipoche_A
Zomba,Thondwe,Lambulira_Health_Centre,Liundi_A
Zomba,Thondwe,Lambulira_Health_Centre,M'Buka_A
Zomba,Thondwe,Lambulira_Health_Centre,M'Buka_A
Zomba,Thondwe,Lambulira_Health_Centre,M'Mango_A
Zomba,Thondwe,Lambulira_Health_Centre,Mahambuwa_A
Zomba,Thondwe,Lambulira_Health_Centre,Malunga_A
Zomba,Thondwe,Lambulira_Health_Centre,Malunga_A
Zomba,Thondwe,Lambulira_Health_Centre,Malunga_A
Zomba,Thondwe,Lambulira_Health_Centre,Malunga_A
Zomba,Thondwe,Lambulira_Health_Centre,Mapota_A
Zomba,Thondwe,Lambulira_Health_Centre,Mapota_A
Zomba,Thondwe,Lambulira_Health_Centre,Mapota_A
Zomba,Thondwe,Lambulira_Health_Centre,Mapota_A
Zomba,Thondwe,Lambulira_Health_Centre,Maulama_A
Zomba,Thondwe,Lambulira_Health_Centre,Maulana_A
Zomba,Thondwe,Lambulira_Health_Centre,Mbalu_A
Zomba,Thondwe,Lambulira_Health_Centre,Mbalu_A
Zomba,Thondwe,Lambulira_Health_Centre,Mbalu_A
Zomba,Thondwe,Lambulira_Health_Centre,Mmina_A
Zomba,Thondwe,Lambulira_Health_Centre,Mteketa_A
Zomba,Thondwe,Lambulira_Health_Centre,Mteteka
Zomba,Thondwe,Lambulira_Health_Centre,Mteteka
Zomba,Thondwe,Lambulira_Health_Centre,Mteteka
Zomba,Thondwe,Lambulira_Health_Centre,Mulenga_A
Zomba,Thondwe,Lambulira_Health_Centre,Muloha_A
Zomba,Thondwe,Lambulira_Health_Centre,Ndalakhanyela_A
Zomba,Thondwe,Lambulira_Health_Centre,Nkhupa_A
Zomba,Thondwe,Lambulira_Health_Centre,Nveniwa_A
Zomba,Thondwe,Lambulira_Health_Centre,Rompwa_A
Zomba,Thondwe,Lambulira_Health_Centre,Rompwa_A
Zomba,Thondwe,Lambulira_Health_Centre,Sadi_A
Zomba,Thondwe,Lambulira_Health_Centre,William_A
Zomba,Thondwe,Lambulira_Health_Centre,William_A
Zomba,Thondwe,Lambulira_Health_Centre,Yuru_A
Zomba,Thondwe,Maera_Health_Centre,John_Masamba
Zomba,Thondwe,Maera_Health_Centre,Kutambala
Zomba,Thondwe,Maera_Health_Centre,Kutambala
Zomba,Thondwe,Maera_Health_Centre,Kutambala
Zomba,Thondwe,Maera_Health_Centre,Kutambala
Zomba,Thondwe,Maera_Health_Centre,Kutambala
Zomba,Thondwe,Maera_Health_Centre,Kutambala
Zomba,Thondwe,Maera_Health_Centre,Kutambala
Zomba,Thondwe,Maera_Health_Centre,Kutambala
Zomba,Thondwe,Maera_Health_Centre,Kutambala
Zomba,Thondwe,Maera_Health_Centre,Kutambala
Zomba,Thondwe,Maera_Health_Centre,Likole
Zomba,Thondwe,Maera_Health_Centre,Llundi
Zomba,Thondwe,Maera_Health_Centre,Llundi
Zomba,Thondwe,Maera_Health_Centre,Llundi
Zomba,Thondwe,Maera_Health_Centre,Llundi
Zomba,Thondwe,Maera_Health_Centre,Llundi
Zomba,Thondwe,Maera_Health_Centre,Llundi
Zomba,Thondwe,Maera_Health_Centre,Llundi
Zomba,Thondwe,Maera_Health_Centre,Llundi
Zomba,Thondwe,Maera_Health_Centre,Llundi
Zomba,Thondwe,Maera_Health_Centre,Llundi
Zomba,Thondwe,Maera_Health_Centre,Llundi
Zomba,Thondwe,Maera_Health_Centre,Majawa_1
Zomba,Thondwe,Maera_Health_Centre,Majawa_1
Zomba,Thondwe,Maera_Health_Centre,Majawa_1
Zomba,Thondwe,Maera_Health_Centre,Majawa_1
Zomba,Thondwe,Maera_Health_Centre,Majawa_1
Zomba,Thondwe,Maera_Health_Centre,Majawa_1
Zomba,Thondwe,Maera_Health_Centre,Majawa_1
Zomba,Thondwe,Maera_Health_Centre,Majawa_1
Zomba,Thondwe,Maera_Health_Centre,Majawa_1
Zomba,Thondwe,Maera_Health_Centre,Majawa_2
Zomba,Thondwe,Maera_Health_Centre,Majawa_2
Zomba,Thondwe,Maera_Health_Centre,Moses
Zomba,Thondwe,Maera_Health_Centre,Moses
Zomba,Thondwe,Maera_Health_Centre,Moses
Zomba,Thondwe,Maera_Health_Centre,Moses
Zomba,Thondwe,Maera_Health_Centre,Moses
Zomba,Thondwe,Maera_Health_Centre,Nsowa
Zomba,Thondwe,Maera_Health_Centre,Nsowa
Zomba,Thondwe,Maera_Health_Centre,Nsowa
Zomba,Thondwe,Maera_Health_Centre,Nsowa
Zomba,Thondwe,Maera_Health_Centre,Nsowa
Zomba,Thondwe,Maera_Health_Centre,Nsowa
Zomba,Thondwe,Maera_Health_Centre,Nsowa
Zomba,Thondwe,Maera_Health_Centre,Nsowa
Zomba,Thondwe,Maera_Health_Centre,Nsowa
Zomba,Thondwe,Maera_Health_Centre,Nsowa
Zomba,Thondwe,Maera_Health_Centre,Nsowa
Zomba,Thondwe,Maera_Health_Centre,Nsowa
Zomba,Thondwe,Maera_Health_Centre,Nsowa
Zomba,Thondwe,Maera_Health_Centre,Nsowa
Zomba,Thondwe,Maera_Health_Centre,Nsowa
Zomba,Thondwe,Maera_Health_Centre,Nsowa
Zomba,Thondwe,Maera_Health_Centre,Nsowa
Zomba,Thondwe,Maera_Health_Centre,Ntasa
Zomba,Thondwe,Maera_Health_Centre,Ntasa
Zomba,Thondwe,Maera_Health_Centre,Ntasa
Zomba,Thondwe,Maera_Health_Centre,Nthita
Zomba,Thondwe,Maera_Health_Centre,Nthita
Zomba,Thondwe,Maera_Health_Centre,Nthita
Zomba,Thondwe,Maera_Health_Centre,Nthita
Zomba,Thondwe,Maera_Health_Centre,Nthita
Zomba,Thondwe,Maera_Health_Centre,Nthita
Zomba,Thondwe,Maera_Health_Centre,Nthita
Zomba,Thondwe,Maera_Health_Centre,Nthita
Zomba,Thondwe,Maera_Health_Centre,Nthita
Zomba,Thondwe,Maera_Health_Centre,Nthita
Zomba,Thondwe,Maera_Health_Centre,Nthita
Zomba,Thondwe,Maera_Health_Centre,Potani
Zomba,Thondwe,Maera_Health_Centre,Potani
Zomba,Thondwe,Maera_Health_Centre,Potani
Zomba,Thondwe,Maera_Health_Centre,Potani
Zomba,Thondwe,Maera_Health_Centre,Potani
Zomba,Thondwe,Maera_Health_Centre,Potani
Zomba,Thondwe,Maera_Health_Centre,Subuhama
Zomba,Thondwe,Mwandama_Health_Centre,Andersani
Zomba,Thondwe,Mwandama_Health_Centre,Bonomali
Zomba,Thondwe,Mwandama_Health_Centre,Botomani
Zomba,Thondwe,Mwandama_Health_Centre,Bwanali
Zomba,Thondwe,Mwandama_Health_Centre,Chikanguya
Zomba,Thondwe,Mwandama_Health_Centre,Chikanguya
Zomba,Thondwe,Mwandama_Health_Centre,Chikanguya
Zomba,Thondwe,Mwandama_Health_Centre,Chikanguya
Zomba,Thondwe,Mwandama_Health_Centre,Chikanguya
Zomba,Thondwe,Mwandama_Health_Centre,Chikanguya
Zomba,Thondwe,Mwandama_Health_Centre,Chikanguya
Zomba,Thondwe,Mwandama_Health_Centre,Chikanguya
Zomba,Thondwe,Mwandama_Health_Centre,Chilumpha
Zomba,Thondwe,Mwandama_Health_Centre,Chilumpha
Zomba,Thondwe,Mwandama_Health_Centre,Chilumpha
Zomba,Thondwe,Mwandama_Health_Centre,Chilumpha
Zomba,Thondwe,Mwandama_Health_Centre,Chilumpha
Zomba,Thondwe,Mwandama_Health_Centre,Chiunda
Zomba,Thondwe,Mwandama_Health_Centre,Chiunda
Zomba,Thondwe,Mwandama_Health_Centre,Chiunda
Zomba,Thondwe,Mwandama_Health_Centre,Chiwalo
Zomba,Thondwe,Mwandama_Health_Centre,Chiwalo
Zomba,Thondwe,Mwandama_Health_Centre,Dule
Zomba,Thondwe,Mwandama_Health_Centre,Ellias
Zomba,Thondwe,Mwandama_Health_Centre,Jasten
Zomba,Thondwe,Mwandama_Health_Centre,John
Zomba,Thondwe,Mwandama_Health_Centre,John
Zomba,Thondwe,Mwandama_Health_Centre,John
Zomba,Thondwe,Mwandama_Health_Centre,John
Zomba,Thondwe,Mwandama_Health_Centre,Kamalo
Zomba,Thondwe,Mwandama_Health_Centre,Kamalo
Zomba,Thondwe,Mwandama_Health_Centre,Kamalo
Zomba,Thondwe,Mwandama_Health_Centre,Kamalo
Zomba,Thondwe,Mwandama_Health_Centre,Kamalo
Zomba,Thondwe,Mwandama_Health_Centre,Kamalo
Zomba,Thondwe,Mwandama_Health_Centre,Kamalo
Zomba,Thondwe,Mwandama_Health_Centre,Kamalo
Zomba,Thondwe,Mwandama_Health_Centre,Kamalo
Zomba,Thondwe,Mwandama_Health_Centre,Kamalo
Zomba,Thondwe,Mwandama_Health_Centre,Kamalo
Zomba,Thondwe,Mwandama_Health_Centre,Kantande
Zomba,Thondwe,Mwandama_Health_Centre,Kapolo
Zomba,Thondwe,Mwandama_Health_Centre,Kapolo
Zomba,Thondwe,Mwandama_Health_Centre,Katuli
Zomba,Thondwe,Mwandama_Health_Centre,Katuli
Zomba,Thondwe,Mwandama_Health_Centre,Kunsiya
Zomba,Thondwe,Mwandama_Health_Centre,Kunsiya
Zomba,Thondwe,Mwandama_Health_Centre,Kunsiya
Zomba,Thondwe,Mwandama_Health_Centre,Kunsiya
Zomba,Thondwe,Mwandama_Health_Centre,Kunsiya
Zomba,Thondwe,Mwandama_Health_Centre,Kutsamba
Zomba,Thondwe,Mwandama_Health_Centre,Kutsamba
Zomba,Thondwe,Mwandama_Health_Centre,Kutsamba
Zomba,Thondwe,Mwandama_Health_Centre,Lichenya
Zomba,Thondwe,Mwandama_Health_Centre,Lichenya
Zomba,Thondwe,Mwandama_Health_Centre,Lichenya
Zomba,Thondwe,Mwandama_Health_Centre,Lichenya
Zomba,Thondwe,Mwandama_Health_Centre,M'Beti
Zomba,Thondwe,Mwandama_Health_Centre,M'Beti
Zomba,Thondwe,Mwandama_Health_Centre,M'Mambo
Zomba,Thondwe,Mwandama_Health_Centre,M'Mambo
Zomba,Thondwe,Mwandama_Health_Centre,M'Mambo
Zomba,Thondwe,Mwandama_Health_Centre,M'Mambo
Zomba,Thondwe,Mwandama_Health_Centre,Macheche
Zomba,Thondwe,Mwandama_Health_Centre,Magombo
Zomba,Thondwe,Mwandama_Health_Centre,Magombo
Zomba,Thondwe,Mwandama_Health_Centre,Magombo
Zomba,Thondwe,Mwandama_Health_Centre,Mainga
Zomba,Thondwe,Mwandama_Health_Centre,Malika
Zomba,Thondwe,Mwandama_Health_Centre,Malika
Zomba,Thondwe,Mwandama_Health_Centre,Mapanda
Zomba,Thondwe,Mwandama_Health_Centre,Masauko
Zomba,Thondwe,Mwandama_Health_Centre,Masauko
Zomba,Thondwe,Mwandama_Health_Centre,Matchando
Zomba,Thondwe,Mwandama_Health_Centre,Matchando
Zomba,Thondwe,Mwandama_Health_Centre,Matchando
Zomba,Thondwe,Mwandama_Health_Centre,Matchando
Zomba,Thondwe,Mwandama_Health_Centre,Matchando
Zomba,Thondwe,Mwandama_Health_Centre,Matumbi
Zomba,Thondwe,Mwandama_Health_Centre,Matumbi
Zomba,Thondwe,Mwandama_Health_Centre,Matumbi
Zomba,Thondwe,Mwandama_Health_Centre,Matumbi
Zomba,Thondwe,Mwandama_Health_Centre,Matumbi
Zomba,Thondwe,Mwandama_Health_Centre,Matumbi
Zomba,Thondwe,Mwandama_Health_Centre,Matumbi
Zomba,Thondwe,Mwandama_Health_Centre,Maulidi
Zomba,Thondwe,Mwandama_Health_Centre,Maulidi
Zomba,Thondwe,Mwandama_Health_Centre,Maulidi
Zomba,Thondwe,Mwandama_Health_Centre,Mbamba
Zomba,Thondwe,Mwandama_Health_Centre,Mbamba
Zomba,Thondwe,Mwandama_Health_Centre,Mbamba
Zomba,Thondwe,Mwandama_Health_Centre,Mbamba
Zomba,Thondwe,Mwandama_Health_Centre,Mbamba
Zomba,Thondwe,Mwandama_Health_Centre,Mbamba
Zomba,Thondwe,Mwandama_Health_Centre,Mbeta
Zomba,Thondwe,Mwandama_Health_Centre,Mkawa
Zomba,Thondwe,Mwandama_Health_Centre,Mkawa
Zomba,Thondwe,Mwandama_Health_Centre,Mkawa
Zomba,Thondwe,Mwandama_Health_Centre,Mkawa
Zomba,Thondwe,Mwandama_Health_Centre,Mkawa
Zomba,Thondwe,Mwandama_Health_Centre,Mkawa
Zomba,Thondwe,Mwandama_Health_Centre,Mkawa
Zomba,Thondwe,Mwandama_Health_Centre,Mkopola
Zomba,Thondwe,Mwandama_Health_Centre,Mkwaila
Zomba,Thondwe,Mwandama_Health_Centre,Mkwajama
Zomba,Thondwe,Mwandama_Health_Centre,Mlonga
Zomba,Thondwe,Mwandama_Health_Centre,Mmangeni
Zomba,Thondwe,Mwandama_Health_Centre,Mussa
Zomba,Thondwe,Mwandama_Health_Centre,Mussa
Zomba,Thondwe,Mwandama_Health_Centre,Mwamadi
Zomba,Thondwe,Mwandama_Health_Centre,Mwamadi
Zomba,Thondwe,Mwandama_Health_Centre,Mwamadi
Zomba,Thondwe,Mwandama_Health_Centre,Mwamadi
Zomba,Thondwe,Mwandama_Health_Centre,Mwamadi
Zomba,Thondwe,Mwandama_Health_Centre,Mwamadi
Zomba,Thondwe,Mwandama_Health_Centre,Mwandama
Zomba,Thondwe,Mwandama_Health_Centre,Mwandama
Zomba,Thondwe,Mwandama_Health_Centre,Mwandama
Zomba,Thondwe,Mwandama_Health_Centre,Mwandama
Zomba,Thondwe,Mwandama_Health_Centre,Mwandama
Zomba,Thondwe,Mwandama_Health_Centre,Mwengo
Zomba,Thondwe,Mwandama_Health_Centre,Nawani
Zomba,Thondwe,Mwandama_Health_Centre,Nsanjama
Zomba,Thondwe,Mwandama_Health_Centre,Nsanjama
Zomba,Thondwe,Mwandama_Health_Centre,Nyozani
Zomba,Thondwe,Mwandama_Health_Centre,Nyozani
Zomba,Thondwe,Mwandama_Health_Centre,Nyozani
Zomba,Thondwe,Mwandama_Health_Centre,Nyozani
Zomba,Thondwe,Mwandama_Health_Centre,Supedi
Zomba,Thondwe,Mwandama_Health_Centre,Yotamu
Zomba,Thondwe,Mwandama_Health_Centre,Yotamu
Zomba,Thondwe,Thondwe_Health_Centre,Baron
